<?xml version="1.0"?>
<doc>
    <assembly>
        <name>Af.Mom.Services.Order.Api</name>
    </assembly>
    <members>
        <member name="T:Af.Mom.Services.Order.Api.Controllers.V1.OrderController">
            <summary>
            Controller for the order entity.
            </summary>
        </member>
        <member name="M:Af.Mom.Services.Order.Api.Controllers.V1.OrderController.#ctor(Af.Mom.Services.Order.Core.Infrastructure.Store.Context.OrderDbContext)">
            <summary>
            Initializes a new instance of the <see cref="T:Af.Mom.Services.Order.Api.Controllers.V1.OrderController" /> class.
            </summary>
        </member>
        <member name="M:Af.Mom.Services.Order.Api.Controllers.V1.OrderController.Get">
            <summary>
            Get all orders.
            </summary>
        </member>
        <member name="M:Af.Mom.Services.Order.Api.Controllers.V1.OrderController.Get(System.Guid)">
            <summary>
            Get one order from entity id.
            </summary>
        </member>
        <member name="T:Af.Mom.Services.Order.Api.Program">
            <summary>
            Starting class for application.
            </summary>
        </member>
        <member name="M:Af.Mom.Services.Order.Api.Program.Main(System.String[])">
            <summary>
            Starting method for application.
            </summary>
        </member>
        <member name="M:Af.Mom.Services.Order.Api.Program.CreateWebHostBuilder(System.String[])">
            <summary>
            Create web host builder.
            </summary>
        </member>
        <member name="T:Af.Mom.Services.Order.Api.Startup">
            <summary>
            The startup class.
            </summary>
        </member>
        <member name="M:Af.Mom.Services.Order.Api.Startup.#ctor(Microsoft.Extensions.Configuration.IConfiguration,Microsoft.AspNetCore.Hosting.IHostingEnvironment)">
            <summary>
            Initializes a new instance of the <see cref="T:Af.Mom.Services.Order.Api.Startup" /> class.
            </summary>
        </member>
        <member name="P:Af.Mom.Services.Order.Api.Startup.Configuration">
            <summary>
            The configuration properties.
            </summary>
        </member>
        <member name="P:Af.Mom.Services.Order.Api.Startup.Environment">
            <summary>
            The hosting environment.
            </summary>
        </member>
        <member name="M:Af.Mom.Services.Order.Api.Startup.Configure(Microsoft.AspNetCore.Builder.IApplicationBuilder,Microsoft.AspNetCore.Hosting.IHostingEnvironment,Af.Mom.Services.Order.Core.Infrastructure.Store.Context.OrderDbContext,Af.Mom.Services.Order.Core.Infrastructure.Read.Context.OrderReadDbContext)">
            <summary>
            This method gets called by the runtime. Use this method to configure the HTTP request pipeline.
            </summary>
        </member>
        <member name="M:Af.Mom.Services.Order.Api.Startup.ConfigureServices(Microsoft.Extensions.DependencyInjection.IServiceCollection)">
            <summary>
            This method gets called by the runtime. Use this method to add services to the container.
            </summary>
        </member>
        <member name="M:Af.Mom.Services.Order.Api.Startup.RegisterSwagger(Microsoft.Extensions.DependencyInjection.IServiceCollection)">
            <summary>
            Register swagger.
            </summary>
        </member>
    </members>
</doc>
