<?xml version="1.0"?>
<doc>
    <assembly>
        <name>Af.Mom.Services.Resource.Api</name>
    </assembly>
    <members>
        <member name="T:Af.Mom.Services.Resource.Api.Controllers.EquipmentController">
            <summary>
            Controller for the equipment entity.
            </summary>
        </member>
        <member name="M:Af.Mom.Services.Resource.Api.Controllers.EquipmentController.#ctor(Af.Mom.Services.Resource.Core.Infrastructure.Context.ResourceDbContext)">
            <summary>
            Initializes a new instance of the <see cref="T:Af.Mom.Services.Resource.Api.Controllers.EquipmentController" /> class.
            </summary>
        </member>
        <member name="M:Af.Mom.Services.Resource.Api.Controllers.EquipmentController.GetFromMaterial(System.String)">
            <summary>
            Get one Equipment from material id.
            </summary>
        </member>
        <member name="M:Af.Mom.Services.Resource.Api.Controllers.EquipmentController.GetFromName(System.String)">
            <summary>
            Get one Equipment from name.
            </summary>
        </member>
        <member name="M:Af.Mom.Services.Resource.Api.Controllers.EquipmentController.GetFromEntityId(System.Guid)">
            <summary>
            Get one Equipment from entity id.
            </summary>
        </member>
        <member name="M:Af.Mom.Services.Resource.Api.Controllers.EquipmentController.Get">
            <summary>
            Get all equipments.
            </summary>
        </member>
        <member name="M:Af.Mom.Services.Resource.Api.Controllers.EquipmentController.Seed">
            <summary>
            Seed the database with an example.
            </summary>
        </member>
        <member name="T:Af.Mom.Services.Resource.Api.Program">
            <summary>
            Starting class for application.
            </summary>
        </member>
        <member name="M:Af.Mom.Services.Resource.Api.Program.Main(System.String[])">
            <summary>
            Starting method for application.
            </summary>
        </member>
        <member name="M:Af.Mom.Services.Resource.Api.Program.CreateWebHostBuilder(System.String[])">
            <summary>
            Create web host builder.
            </summary>
        </member>
        <member name="T:Af.Mom.Services.Resource.Api.Seed.Dispenser433">
            <summary>
            A dispenser.
            </summary>
        </member>
        <member name="M:Af.Mom.Services.Resource.Api.Seed.Dispenser433.CreateUnitProcedure">
            <summary>
            A unit procedure unit.
            </summary>
        </member>
        <member name="T:Af.Mom.Services.Resource.Api.Seed.FlintEquipments">
            <summary>
            Contains equipment from Flint Group in Trelleborg.
            </summary>
        </member>
        <member name="M:Af.Mom.Services.Resource.Api.Seed.FlintEquipments.CreateEquipments">
            <summary>
            Create all Flint Group in Trelleborg equipments.
            </summary>
        </member>
        <member name="M:Af.Mom.Services.Resource.Api.Seed.FlintEquipments.CreateProcessCell4SE1">
            <summary>
            Create a process cell called 4SE1.
            </summary>
        </member>
        <member name="T:Af.Mom.Services.Resource.Api.Seed.Tank334401">
            <summary>
            A tank.
            </summary>
        </member>
        <member name="M:Af.Mom.Services.Resource.Api.Seed.Tank334401.CreateUnit">
            <summary>
            Create a unit equipment.
            </summary>
        </member>
        <member name="T:Af.Mom.Services.Resource.Api.Seed.Tank334402">
            <summary>
            A tank.
            </summary>
        </member>
        <member name="M:Af.Mom.Services.Resource.Api.Seed.Tank334402.CreateUnit">
            <summary>
            Create a unit equipment.
            </summary>
        </member>
        <member name="T:Af.Mom.Services.Resource.Api.Seed.Tank334403">
            <summary>
            A tank.
            </summary>
        </member>
        <member name="M:Af.Mom.Services.Resource.Api.Seed.Tank334403.CreateUnit">
            <summary>
            Create a unit equipment.
            </summary>
        </member>
        <member name="T:Af.Mom.Services.Resource.Api.Seed.Tank334404">
            <summary>
            A tank.
            </summary>
        </member>
        <member name="M:Af.Mom.Services.Resource.Api.Seed.Tank334404.CreateUnit">
            <summary>
            Create a unit equipment.
            </summary>
        </member>
        <member name="T:Af.Mom.Services.Resource.Api.Seed.Tank334405">
            <summary>
            A tank.
            </summary>
        </member>
        <member name="M:Af.Mom.Services.Resource.Api.Seed.Tank334405.CreateUnit">
            <summary>
            Create a unit equipment.
            </summary>
        </member>
        <member name="T:Af.Mom.Services.Resource.Api.Seed.Tank334406">
            <summary>
            A tank.
            </summary>
        </member>
        <member name="M:Af.Mom.Services.Resource.Api.Seed.Tank334406.CreateUnit">
            <summary>
            Create a unit equipment.
            </summary>
        </member>
        <member name="T:Af.Mom.Services.Resource.Api.Seed.Tank334407">
            <summary>
            A tank.
            </summary>
        </member>
        <member name="M:Af.Mom.Services.Resource.Api.Seed.Tank334407.CreateUnit">
            <summary>
            Create a unit equipment.
            </summary>
        </member>
        <member name="T:Af.Mom.Services.Resource.Api.Seed.Tank334408">
            <summary>
            A tank.
            </summary>
        </member>
        <member name="M:Af.Mom.Services.Resource.Api.Seed.Tank334408.CreateUnit">
            <summary>
            Create a unit equipment.
            </summary>
        </member>
        <member name="T:Af.Mom.Services.Resource.Api.Seed.Tank334409">
            <summary>
            A tank.
            </summary>
        </member>
        <member name="M:Af.Mom.Services.Resource.Api.Seed.Tank334409.CreateUnit">
            <summary>
            Create a unit equipment.
            </summary>
        </member>
        <member name="T:Af.Mom.Services.Resource.Api.Seed.Tank334410">
            <summary>
            A tank.
            </summary>
        </member>
        <member name="M:Af.Mom.Services.Resource.Api.Seed.Tank334410.CreateUnit">
            <summary>
            Create a unit equipment.
            </summary>
        </member>
        <member name="T:Af.Mom.Services.Resource.Api.Seed.Tank334411">
            <summary>
            A tank.
            </summary>
        </member>
        <member name="M:Af.Mom.Services.Resource.Api.Seed.Tank334411.CreateUnit">
            <summary>
            Create a unit equipment.
            </summary>
        </member>
        <member name="T:Af.Mom.Services.Resource.Api.Seed.Tank334412">
            <summary>
            A tank.
            </summary>
        </member>
        <member name="M:Af.Mom.Services.Resource.Api.Seed.Tank334412.CreateUnit">
            <summary>
            Create a unit equipment.
            </summary>
        </member>
        <member name="T:Af.Mom.Services.Resource.Api.Seed.Tank334413">
            <summary>
            A tank.
            </summary>
        </member>
        <member name="M:Af.Mom.Services.Resource.Api.Seed.Tank334413.CreateUnit">
            <summary>
            Create a unit equipment.
            </summary>
        </member>
        <member name="T:Af.Mom.Services.Resource.Api.Seed.Tank334414">
            <summary>
            A tank.
            </summary>
        </member>
        <member name="M:Af.Mom.Services.Resource.Api.Seed.Tank334414.CreateUnit">
            <summary>
            Create a unit equipment.
            </summary>
        </member>
        <member name="T:Af.Mom.Services.Resource.Api.Seed.Tank334415">
            <summary>
            A tank.
            </summary>
        </member>
        <member name="M:Af.Mom.Services.Resource.Api.Seed.Tank334415.CreateUnit">
            <summary>
            Create a unit equipment.
            </summary>
        </member>
        <member name="T:Af.Mom.Services.Resource.Api.Seed.Tank334416">
            <summary>
            A tank.
            </summary>
        </member>
        <member name="M:Af.Mom.Services.Resource.Api.Seed.Tank334416.CreateUnit">
            <summary>
            Create a unit equipment.
            </summary>
        </member>
        <member name="T:Af.Mom.Services.Resource.Api.Seed.Tank334417">
            <summary>
            A tank.
            </summary>
        </member>
        <member name="M:Af.Mom.Services.Resource.Api.Seed.Tank334417.CreateUnit">
            <summary>
            Create a unit equipment.
            </summary>
        </member>
        <member name="T:Af.Mom.Services.Resource.Api.Seed.Tank334418">
            <summary>
            A tank.
            </summary>
        </member>
        <member name="M:Af.Mom.Services.Resource.Api.Seed.Tank334418.CreateUnit">
            <summary>
            Create a unit equipment.
            </summary>
        </member>
        <member name="T:Af.Mom.Services.Resource.Api.Seed.Tank334419">
            <summary>
            A tank.
            </summary>
        </member>
        <member name="M:Af.Mom.Services.Resource.Api.Seed.Tank334419.CreateUnit">
            <summary>
            Create a unit equipment.
            </summary>
        </member>
        <member name="T:Af.Mom.Services.Resource.Api.Seed.Tank334420">
            <summary>
            A tank.
            </summary>
        </member>
        <member name="M:Af.Mom.Services.Resource.Api.Seed.Tank334420.CreateUnit">
            <summary>
            Create a unit equipment.
            </summary>
        </member>
        <member name="T:Af.Mom.Services.Resource.Api.Seed.Tank334421">
            <summary>
            A tank.
            </summary>
        </member>
        <member name="M:Af.Mom.Services.Resource.Api.Seed.Tank334421.CreateUnit">
            <summary>
            Create a unit equipment.
            </summary>
        </member>
        <member name="T:Af.Mom.Services.Resource.Api.Seed.Tank334422">
            <summary>
            A tank.
            </summary>
        </member>
        <member name="M:Af.Mom.Services.Resource.Api.Seed.Tank334422.CreateUnit">
            <summary>
            Create a unit equipment.
            </summary>
        </member>
        <member name="T:Af.Mom.Services.Resource.Api.Seed.Tank334423">
            <summary>
            A tank.
            </summary>
        </member>
        <member name="M:Af.Mom.Services.Resource.Api.Seed.Tank334423.CreateUnit">
            <summary>
            Create a unit equipment.
            </summary>
        </member>
        <member name="T:Af.Mom.Services.Resource.Api.Seed.Tank334424">
            <summary>
            A tank.
            </summary>
        </member>
        <member name="M:Af.Mom.Services.Resource.Api.Seed.Tank334424.CreateUnit">
            <summary>
            Create a unit equipment.
            </summary>
        </member>
        <member name="T:Af.Mom.Services.Resource.Api.Seed.Tank334425">
            <summary>
            A tank.
            </summary>
        </member>
        <member name="M:Af.Mom.Services.Resource.Api.Seed.Tank334425.CreateUnit">
            <summary>
            Create a unit equipment.
            </summary>
        </member>
        <member name="T:Af.Mom.Services.Resource.Api.Seed.Tank334426">
            <summary>
            A tank.
            </summary>
        </member>
        <member name="M:Af.Mom.Services.Resource.Api.Seed.Tank334426.CreateUnit">
            <summary>
            Create a unit equipment.
            </summary>
        </member>
        <member name="T:Af.Mom.Services.Resource.Api.Seed.Tank334427">
            <summary>
            A tank.
            </summary>
        </member>
        <member name="M:Af.Mom.Services.Resource.Api.Seed.Tank334427.CreateUnit">
            <summary>
            Create a unit equipment.
            </summary>
        </member>
        <member name="T:Af.Mom.Services.Resource.Api.Seed.Tank334428">
            <summary>
            A tank.
            </summary>
        </member>
        <member name="M:Af.Mom.Services.Resource.Api.Seed.Tank334428.CreateUnit">
            <summary>
            Create a unit equipment.
            </summary>
        </member>
        <member name="T:Af.Mom.Services.Resource.Api.Seed.Tank334429">
            <summary>
            A tank.
            </summary>
        </member>
        <member name="M:Af.Mom.Services.Resource.Api.Seed.Tank334429.CreateUnit">
            <summary>
            Create a unit equipment.
            </summary>
        </member>
        <member name="T:Af.Mom.Services.Resource.Api.Seed.Tank334430">
            <summary>
            A tank.
            </summary>
        </member>
        <member name="M:Af.Mom.Services.Resource.Api.Seed.Tank334430.CreateUnit">
            <summary>
            Create a unit equipment.
            </summary>
        </member>
        <member name="T:Af.Mom.Services.Resource.Api.Seed.Tank334432">
            <summary>
            A tank.
            </summary>
        </member>
        <member name="M:Af.Mom.Services.Resource.Api.Seed.Tank334432.CreateUnit">
            <summary>
            Create a unit equipment.
            </summary>
        </member>
        <member name="T:Af.Mom.Services.Resource.Api.Seed.Tank334433">
            <summary>
            A tank.
            </summary>
        </member>
        <member name="M:Af.Mom.Services.Resource.Api.Seed.Tank334433.CreateUnit">
            <summary>
            Create a unit equipment.
            </summary>
        </member>
        <member name="T:Af.Mom.Services.Resource.Api.Seed.Tank334434">
            <summary>
            A tank.
            </summary>
        </member>
        <member name="M:Af.Mom.Services.Resource.Api.Seed.Tank334434.CreateUnit">
            <summary>
            Create a unit equipment.
            </summary>
        </member>
        <member name="T:Af.Mom.Services.Resource.Api.Seed.Tank334435">
            <summary>
            A tank.
            </summary>
        </member>
        <member name="M:Af.Mom.Services.Resource.Api.Seed.Tank334435.CreateUnit">
            <summary>
            Create a unit equipment.
            </summary>
        </member>
        <member name="T:Af.Mom.Services.Resource.Api.Seed.Tank334436">
            <summary>
            A tank.
            </summary>
        </member>
        <member name="M:Af.Mom.Services.Resource.Api.Seed.Tank334436.CreateUnit">
            <summary>
            Create a unit equipment.
            </summary>
        </member>
        <member name="T:Af.Mom.Services.Resource.Api.Seed.Tank334437">
            <summary>
            A tank.
            </summary>
        </member>
        <member name="M:Af.Mom.Services.Resource.Api.Seed.Tank334437.CreateUnit">
            <summary>
            Create a unit equipment.
            </summary>
        </member>
        <member name="T:Af.Mom.Services.Resource.Api.Seed.Tank334438">
            <summary>
            A tank.
            </summary>
        </member>
        <member name="M:Af.Mom.Services.Resource.Api.Seed.Tank334438.CreateUnit">
            <summary>
            Create a unit equipment.
            </summary>
        </member>
        <member name="T:Af.Mom.Services.Resource.Api.Seed.Tank334444">
            <summary>
            A tank.
            </summary>
        </member>
        <member name="M:Af.Mom.Services.Resource.Api.Seed.Tank334444.CreateUnit">
            <summary>
            Create a unit equipment.
            </summary>
        </member>
        <member name="T:Af.Mom.Services.Resource.Api.Seed.Tank334445">
            <summary>
            A tank.
            </summary>
        </member>
        <member name="M:Af.Mom.Services.Resource.Api.Seed.Tank334445.CreateUnit">
            <summary>
            Create a unit equipment.
            </summary>
        </member>
        <member name="T:Af.Mom.Services.Resource.Api.Seed.TankC900">
            <summary>
            A tank.
            </summary>
        </member>
        <member name="M:Af.Mom.Services.Resource.Api.Seed.TankC900.CreateUnit">
            <summary>
            Create a unit equipment.
            </summary>
        </member>
        <member name="T:Af.Mom.Services.Resource.Api.Seed.TankC901">
            <summary>
            A tank.
            </summary>
        </member>
        <member name="M:Af.Mom.Services.Resource.Api.Seed.TankC901.CreateUnit">
            <summary>
            Create a unit equipment.
            </summary>
        </member>
        <member name="T:Af.Mom.Services.Resource.Api.Seed.TankC902">
            <summary>
            A tank.
            </summary>
        </member>
        <member name="M:Af.Mom.Services.Resource.Api.Seed.TankC902.CreateUnit">
            <summary>
            Create a unit equipment.
            </summary>
        </member>
        <member name="T:Af.Mom.Services.Resource.Api.Seed.TankC903">
            <summary>
            A tank.
            </summary>
        </member>
        <member name="M:Af.Mom.Services.Resource.Api.Seed.TankC903.CreateUnit">
            <summary>
            Create a unit equipment.
            </summary>
        </member>
        <member name="T:Af.Mom.Services.Resource.Api.Seed.TankCGryta">
            <summary>
            A tank.
            </summary>
        </member>
        <member name="M:Af.Mom.Services.Resource.Api.Seed.TankCGryta.CreateUnit">
            <summary>
            Create a unit equipment.
            </summary>
        </member>
        <member name="T:Af.Mom.Services.Resource.Api.Startup">
            <summary>
            The startup class.
            </summary>
        </member>
        <member name="M:Af.Mom.Services.Resource.Api.Startup.#ctor(Microsoft.Extensions.Configuration.IConfiguration)">
            <summary>
            Initializes a new instance of the <see cref="T:Af.Mom.Services.Resource.Api.Startup" /> class.
            </summary>
        </member>
        <member name="P:Af.Mom.Services.Resource.Api.Startup.Configuration">
            <summary>
            The configuration properties.
            </summary>
        </member>
        <member name="M:Af.Mom.Services.Resource.Api.Startup.Configure(Microsoft.AspNetCore.Builder.IApplicationBuilder,Microsoft.AspNetCore.Hosting.IHostingEnvironment,Af.Mom.Services.Resource.Core.Infrastructure.Context.ResourceDbContext)">
            <summary>
            This method gets called by the runtime. Use this method to configure the HTTP request pipeline.
            </summary>
        </member>
        <member name="M:Af.Mom.Services.Resource.Api.Startup.ConfigureServices(Microsoft.Extensions.DependencyInjection.IServiceCollection)">
            <summary>
            This method gets called by the runtime. Use this method to add services to the container.
            </summary>
        </member>
        <member name="M:Af.Mom.Services.Resource.Api.Startup.RegisterSwagger(Microsoft.Extensions.DependencyInjection.IServiceCollection)">
            <summary>
            Register swagger.
            </summary>
        </member>
    </members>
</doc>
