<?xml version="1.0"?>
<doc>
    <assembly>
        <name>Af.Mom.Services.Executor.Api</name>
    </assembly>
    <members>
        <member name="T:Af.Mom.Services.Executor.Api.Controllers.ProcedureController">
            <summary>
            Controller for the procedure entity.
            </summary>
        </member>
        <member name="M:Af.Mom.Services.Executor.Api.Controllers.ProcedureController.#ctor(Af.Mom.Services.Executor.Core.Infrastructure.Context.ExecutorDbContext)">
            <summary>
            Initializes a new instance of the <see cref="T:Af.Mom.Services.Executor.Api.Controllers.ProcedureController" /> class.
            </summary>
        </member>
        <member name="M:Af.Mom.Services.Executor.Api.Controllers.ProcedureController.Get">
            <summary>
            Get all procedures.
            </summary>
        </member>
        <member name="M:Af.Mom.Services.Executor.Api.Controllers.ProcedureController.Get(System.Guid)">
            <summary>
            Get one procedure from entity id.
            </summary>
        </member>
        <member name="T:Af.Mom.Services.Executor.Api.Program">
            <summary>
            Starting class for application.
            </summary>
        </member>
        <member name="M:Af.Mom.Services.Executor.Api.Program.Main(System.String[])">
            <summary>
            Starting method for application.
            </summary>
        </member>
        <member name="M:Af.Mom.Services.Executor.Api.Program.CreateWebHostBuilder(System.String[])">
            <summary>
            Create web host builder.
            </summary>
        </member>
        <member name="T:Af.Mom.Services.Executor.Api.Startup">
            <summary>
            The startup class.
            </summary>
        </member>
        <member name="M:Af.Mom.Services.Executor.Api.Startup.#ctor(Microsoft.Extensions.Configuration.IConfiguration)">
            <summary>
            Initializes a new instance of the <see cref="T:Af.Mom.Services.Executor.Api.Startup" /> class.
            </summary>
        </member>
        <member name="P:Af.Mom.Services.Executor.Api.Startup.Configuration">
            <summary>
            The configuration properties.
            </summary>
        </member>
        <member name="M:Af.Mom.Services.Executor.Api.Startup.Configure(Microsoft.AspNetCore.Builder.IApplicationBuilder,Microsoft.AspNetCore.Hosting.IHostingEnvironment,Af.Mom.Services.Executor.Core.Infrastructure.Context.ExecutorDbContext)">
            <summary>
            This method gets called by the runtime. Use this method to configure the HTTP request pipeline.
            </summary>
        </member>
        <member name="M:Af.Mom.Services.Executor.Api.Startup.ConfigureServices(Microsoft.Extensions.DependencyInjection.IServiceCollection)">
            <summary>
            This method gets called by the runtime. Use this method to add services to the container.
            </summary>
        </member>
        <member name="M:Af.Mom.Services.Executor.Api.Startup.RegisterSwagger(Microsoft.Extensions.DependencyInjection.IServiceCollection)">
            <summary>
            Register swagger.
            </summary>
        </member>
    </members>
</doc>
