<?xml version="1.0"?>
<doc>
    <assembly>
        <name>Af.Mom.Services.Dispatch.Api</name>
    </assembly>
    <members>
        <member name="T:Af.Mom.Services.Dispatch.Api.Controllers.BatchController">
            <summary>
            Controller for the batch entity.
            </summary>
        </member>
        <member name="M:Af.Mom.Services.Dispatch.Api.Controllers.BatchController.#ctor(Af.Mom.Services.Dispatch.Core.Infrastructure.Store.Context.DispatchDbContext)">
            <summary>
            Initializes a new instance of the <see cref="T:Af.Mom.Services.Dispatch.Api.Controllers.BatchController" /> class.
            </summary>
        </member>
        <member name="M:Af.Mom.Services.Dispatch.Api.Controllers.BatchController.Get">
            <summary>
            Get all batches.
            </summary>
        </member>
        <member name="M:Af.Mom.Services.Dispatch.Api.Controllers.BatchController.Get(System.Guid)">
            <summary>
            Get one batch from entity id.
            </summary>
        </member>
        <member name="M:Af.Mom.Services.Dispatch.Api.Controllers.BatchController.GetByProcedure(System.Guid)">
            <summary>
            Get one batch from procedure id.
            </summary>
        </member>
        <member name="T:Af.Mom.Services.Dispatch.Api.Program">
            <summary>
            Starting class for application.
            </summary>
        </member>
        <member name="M:Af.Mom.Services.Dispatch.Api.Program.Main(System.String[])">
            <summary>
            Starting method for application.
            </summary>
        </member>
        <member name="M:Af.Mom.Services.Dispatch.Api.Program.CreateWebHostBuilder(System.String[])">
            <summary>
            Create web host builder.
            </summary>
        </member>
        <member name="T:Af.Mom.Services.Dispatch.Api.Startup">
            <summary>
            The startup class.
            </summary>
        </member>
        <member name="M:Af.Mom.Services.Dispatch.Api.Startup.#ctor(Microsoft.Extensions.Configuration.IConfiguration)">
            <summary>
            Initializes a new instance of the <see cref="T:Af.Mom.Services.Dispatch.Api.Startup" /> class.
            </summary>
        </member>
        <member name="P:Af.Mom.Services.Dispatch.Api.Startup.Configuration">
            <summary>
            The configuration properties.
            </summary>
        </member>
        <member name="M:Af.Mom.Services.Dispatch.Api.Startup.Configure(Microsoft.AspNetCore.Builder.IApplicationBuilder,Microsoft.AspNetCore.Hosting.IHostingEnvironment,Af.Mom.Services.Dispatch.Core.Infrastructure.Store.Context.DispatchDbContext,Af.Mom.Services.Dispatch.Core.Infrastructure.Read.Context.DispatchReadDbContext)">
            <summary>
            This method gets called by the runtime. Use this method to configure the HTTP request pipeline.
            </summary>
        </member>
        <member name="M:Af.Mom.Services.Dispatch.Api.Startup.ConfigureServices(Microsoft.Extensions.DependencyInjection.IServiceCollection)">
            <summary>
            This method gets called by the runtime. Use this method to add services to the container.
            </summary>
        </member>
        <member name="M:Af.Mom.Services.Dispatch.Api.Startup.RegisterSwagger(Microsoft.Extensions.DependencyInjection.IServiceCollection)">
            <summary>
            Register swagger.
            </summary>
        </member>
    </members>
</doc>
