<?xml version="1.0"?>
<doc>
    <assembly>
        <name>Af.Mom.Services.ErpGateway.Api</name>
    </assembly>
    <members>
        <member name="T:Af.Mom.Services.ErpGateway.Api.Controllers.V1.ErpGatewayController">
            <summary>
            Controller for ERP Gateway.
            </summary>
        </member>
        <member name="M:Af.Mom.Services.ErpGateway.Api.Controllers.V1.ErpGatewayController.#ctor(Af.Mom.Services.ErpGateway.Core.Infrastructure.Context.ErpGatewayDbContext,Af.Mom.Common.EventBus.Interfaces.IEventBusProducer)">
            <summary>
            Initializes a new instance of the <see cref="T:Af.Mom.Services.ErpGateway.Api.Controllers.V1.ErpGatewayController" /> class.
            </summary>
        </member>
        <member name="M:Af.Mom.Services.ErpGateway.Api.Controllers.V1.ErpGatewayController.Get(System.Guid)">
            <summary>
            Get one erp order from an entity id.
            </summary>
        </member>
        <member name="M:Af.Mom.Services.ErpGateway.Api.Controllers.V1.ErpGatewayController.Get">
            <summary>
            Get all erp orders.
            </summary>
        </member>
        <member name="M:Af.Mom.Services.ErpGateway.Api.Controllers.V1.ErpGatewayController.ErpOrderReceived(System.Xml.XmlDocument)">
            <summary>
            Post an order from SAP.
            </summary>
        </member>
        <member name="T:Af.Mom.Services.ErpGateway.Api.Program">
            <summary>
            The start of the program.
            </summary>
        </member>
        <member name="M:Af.Mom.Services.ErpGateway.Api.Program.Main(System.String[])">
            <summary>
            The start of the program.
            </summary>
        </member>
        <member name="M:Af.Mom.Services.ErpGateway.Api.Program.CreateWebHostBuilder(System.String[])">
            <summary>
            The create web host builder.
            </summary>
        </member>
        <member name="T:Af.Mom.Services.ErpGateway.Api.Startup">
            <summary>
            The startup.
            </summary>
        </member>
        <member name="M:Af.Mom.Services.ErpGateway.Api.Startup.#ctor(Microsoft.Extensions.Configuration.IConfiguration)">
            <summary>
            Initializes a new instance of the <see cref="T:Af.Mom.Services.ErpGateway.Api.Startup" /> class.
            </summary>
        </member>
        <member name="P:Af.Mom.Services.ErpGateway.Api.Startup.Configuration">
            <summary>
            Gets the configuration.
            </summary>
        </member>
        <member name="M:Af.Mom.Services.ErpGateway.Api.Startup.ConfigureServices(Microsoft.Extensions.DependencyInjection.IServiceCollection)">
            <summary>
            This method gets called by the runtime. Use this method to add services to the container.
            </summary>
        </member>
        <member name="M:Af.Mom.Services.ErpGateway.Api.Startup.Configure(Microsoft.AspNetCore.Builder.IApplicationBuilder,Microsoft.AspNetCore.Hosting.IHostingEnvironment,Af.Mom.Services.ErpGateway.Core.Infrastructure.Context.ErpGatewayDbContext)">
            <summary>
            This method gets called by the runtime. Use this method to configure the HTTP request pipeline.
            </summary>
        </member>
        <member name="M:Af.Mom.Services.ErpGateway.Api.Startup.RegisterSwagger(Microsoft.Extensions.DependencyInjection.IServiceCollection)">
            <summary>
            Register swagger.
            </summary>
        </member>
    </members>
</doc>
